pixel,Red,Green,Blue
0,224,136,126
1,224,132,113
2,225,129,108
3,224,128,108
4,226,131,110
5,227,135,112
6,228,134,110
7,229,132,108
8,233,146,114
9,236,148,117
10,238,136,108
11,219,99,84
12,164,56,72
13,154,54,74
14,158,60,76
15,155,57,76
16,165,61,76
17,171,66,78
18,172,66,79
19,170,64,77
20,168,64,75
21,169,64,78
22,171,65,78
23,175,69,82
24,178,73,85
25,179,74,84
26,180,75,85
27,175,72,84
28,176,71,82
29,177,70,81
30,175,67,79
31,175,67,81
32,169,65,78
33,169,65,77
34,174,69,81
35,172,66,79
36,158,57,76
37,141,47,73
38,138,46,73
39,145,51,75
40,145,49,73
41,140,46,68
42,133,39,65
43,114,28,62
44,103,26,63
45,100,25,63
46,97,23,61
47,94,22,62
48,96,22,61
49,148,82,102
50,171,128,141
51,143,85,108
52,82,9,52
53,65,0,43
54,62,0,39
55,61,0,42
56,70,4,49
57,67,3,47
58,83,13,51
59,142,59,77
60,125,51,75
61,97,29,62
62,96,32,64
63,93,29,61
64,226,135,121
65,225,131,111
66,225,129,105
67,227,130,108
68,227,132,107
69,227,135,109
70,229,137,111
71,234,144,113
72,237,144,111
73,233,126,101
74,204,90,85
75,168,60,73
76,159,56,73
77,162,59,75
78,159,58,75
79,160,58,74
80,169,64,76
81,174,66,77
82,173,65,77
83,169,64,77
84,166,62,75
85,168,63,77
86,169,66,79
87,173,68,79
88,176,70,82
89,177,72,84
90,178,72,82
91,176,72,84
92,175,70,82
93,174,68,80
94,173,66,78
95,175,70,82
96,170,66,79
97,167,63,77
98,172,68,80
99,163,61,77
100,153,53,73
101,140,45,70
102,134,46,75
103,139,48,73
104,145,46,69
105,144,45,67
106,135,39,64
107,121,32,62
108,116,29,61
109,105,22,57
110,93,19,60
111,89,20,62
112,87,17,60
113,125,50,77
114,169,120,133
115,169,132,146
116,148,101,123
117,131,78,107
118,122,65,98
119,113,55,90
120,102,41,79
121,92,30,71
122,96,27,65
123,142,67,89
124,148,83,102
125,117,48,79
126,94,25,64
127,87,18,58
128,222,132,112
129,224,129,107
130,226,130,106
131,226,131,107
132,228,134,110
133,230,141,115
134,233,143,111
135,230,129,99
136,209,96,85
137,170,60,71
138,148,45,68
139,153,50,70
140,158,55,73
141,157,56,74
142,154,53,72
143,160,56,73
144,169,62,75
145,170,63,76
146,171,63,75
147,169,62,74
148,165,60,73
149,169,61,75
150,172,65,78
151,174,63,75
152,175,64,76
153,173,65,76
154,172,64,76
155,171,64,76
156,169,65,77
157,168,61,75
158,171,62,74
159,172,65,76
160,165,59,73
161,157,55,72
162,158,55,72
163,149,48,69
164,141,42,66
165,130,38,67
166,121,36,70
167,123,33,64
168,131,36,63
169,132,35,62
170,127,31,59
171,125,30,60
172,121,29,60
173,114,27,59
174,119,36,67
175,108,31,65
176,92,19,59
177,106,26,61
178,151,75,91
179,178,135,140
180,196,166,164
181,200,171,167
182,200,171,167
183,199,170,166
184,189,160,159
185,186,156,158
186,189,155,156
187,188,154,154
188,182,149,153
189,170,130,140
190,175,131,140
191,174,127,135
192,221,129,108
193,223,127,105
194,223,126,105
195,224,131,110
196,230,142,115
197,231,140,110
198,226,119,94
199,211,89,80
200,179,62,71
201,168,60,73
202,176,67,78
203,177,67,76
204,175,64,75
205,174,67,79
206,171,63,76
207,172,62,74
208,178,66,75
209,186,68,74
210,188,70,74
211,182,69,76
212,183,70,79
213,192,73,78
214,200,76,78
215,201,76,78
216,196,74,77
217,189,69,73
218,179,63,72
219,173,62,74
220,173,63,74
221,171,61,73
222,171,61,75
223,171,59,73
224,162,53,69
225,152,46,66
226,151,44,65
227,142,36,60
228,132,32,60
229,127,30,61
230,118,24,58
231,111,17,53
232,134,36,63
233,154,56,77
234,150,54,77
235,150,55,79
236,154,62,84
237,160,63,80
238,176,74,84
239,172,71,81
240,151,54,70
241,118,28,58
242,107,21,55
243,119,39,66
244,124,56,81
245,117,55,81
246,124,63,85
247,132,76,94
248,141,89,104
249,152,104,113
250,167,126,129
251,179,145,141
252,180,149,144
253,187,159,152
254,222,197,177
255,226,200,178
256,222,129,111
257,223,129,106
258,227,136,109
259,229,143,114
260,232,145,112
261,231,135,103
262,226,122,97
263,223,119,98
264,227,125,100
265,230,125,99
266,229,124,99
267,227,122,100
268,226,119,98
269,225,119,100
270,224,119,102
271,223,116,98
272,223,116,97
273,225,116,98
274,225,119,98
275,224,120,97
276,227,122,100
277,228,121,99
278,230,124,98
279,229,124,99
280,228,122,99
281,228,121,98
282,224,118,98
283,222,117,101
284,222,116,100
285,221,115,101
286,219,116,105
287,220,114,101
288,219,112,98
289,217,112,97
290,217,111,98
291,214,107,97
292,211,106,96
293,211,105,97
294,210,104,97
295,209,101,93
296,215,110,103
297,220,123,116
298,217,122,118
299,216,124,119
300,218,124,116
301,214,113,107
302,212,108,102
303,217,113,104
304,213,110,102
305,196,90,88
306,183,79,84
307,181,78,84
308,174,72,81
309,168,67,75
310,167,64,73
311,164,61,72
312,167,63,73
313,166,60,70
314,162,60,72
315,166,69,77
316,169,76,81
317,172,83,86
318,184,103,100
319,188,110,103
320,229,142,117
321,232,144,114
322,231,145,112
323,227,139,110
324,226,134,107
325,228,133,106
326,229,137,109
327,232,141,108
328,234,143,108
329,234,144,111
330,235,145,110
331,235,143,111
332,233,142,114
333,231,140,114
334,232,139,112
335,233,141,113
336,233,144,115
337,233,143,113
338,236,148,113
339,237,150,114
340,234,148,115
341,235,149,115
342,236,151,114
343,235,150,114
344,234,149,114
345,235,150,117
346,235,150,118
347,235,149,118
348,235,149,119
349,234,151,121
350,234,151,122
351,237,151,120
352,238,153,118
353,238,155,119
354,238,156,121
355,237,155,123
356,238,155,122
357,236,153,121
358,235,149,123
359,236,151,124
360,234,148,123
361,232,144,119
362,233,145,119
363,234,150,124
364,234,154,123
365,234,152,123
366,233,150,121
367,232,149,122
368,232,148,123
369,235,146,122
370,237,147,122
371,239,153,124
372,241,156,126
373,242,159,124
374,244,159,123
375,243,156,123
376,241,153,119
377,238,148,117
378,235,146,116
379,233,144,115
380,230,141,114
381,230,138,111
382,227,134,108
383,226,133,108
384,236,151,121
385,237,149,113
386,233,140,108
387,229,135,109
388,229,136,109
389,231,136,108
390,231,137,110
391,234,139,109
392,234,139,108
393,234,137,108
394,234,139,109
395,234,139,108
396,234,139,112
397,233,138,113
398,232,138,114
399,233,139,113
400,235,143,112
401,236,147,115
402,239,152,118
403,238,151,118
404,236,149,117
405,237,150,114
406,238,152,116
407,237,151,115
408,236,150,114
409,237,151,116
410,238,153,118
411,237,152,120
412,237,154,119
413,236,155,119
414,237,156,122
415,238,157,123
416,238,157,120
417,238,160,124
418,240,164,126
419,241,165,127
420,240,163,125
421,237,158,124
422,235,155,121
423,238,157,124
424,237,156,126
425,238,155,125
426,237,156,124
427,238,159,127
428,238,162,124
429,238,161,125
430,237,159,125
431,236,158,124
432,235,155,123
433,233,149,124
434,234,151,123
435,234,155,122
436,235,159,125
437,235,161,124
438,232,159,124
439,230,157,125
440,233,159,122
441,233,158,123
442,232,159,123
443,234,163,123
444,236,165,125
445,238,165,129
446,241,166,128
447,240,167,128
448,221,120,110
449,220,114,98
450,217,110,96
451,219,113,98
452,222,113,91
453,220,111,93
454,222,112,94
455,224,113,93
456,225,112,93
457,223,109,90
458,222,108,91
459,220,106,89
460,219,107,92
461,219,109,96
462,220,111,97
463,219,108,94
464,221,111,96
465,223,116,98
466,225,119,98
467,225,118,98
468,226,120,99
469,227,122,101
470,230,123,100
471,230,124,100
472,231,124,100
473,231,125,102
474,232,127,102
475,232,128,105
476,231,129,106
477,230,129,107
478,231,129,104
479,232,132,108
480,232,132,107
481,231,131,107
482,234,135,110
483,235,139,111
484,235,138,110
485,235,135,110
486,236,135,106
487,237,137,107
488,237,138,111
489,238,141,113
490,238,144,114
491,237,141,110
492,232,142,126
493,236,146,124
494,237,142,115
495,238,143,114
496,231,133,111
497,234,149,130
498,231,135,112
499,235,140,116
500,236,141,113
501,240,145,112
502,239,147,113
503,235,147,117
504,237,147,115
505,238,146,112
506,237,149,114
507,233,149,112
508,234,151,114
509,238,154,119
510,229,148,120
511,224,144,119
512,166,67,90
513,168,62,83
514,167,64,81
515,167,62,78
516,168,60,73
517,165,57,72
518,166,59,74
519,164,55,70
520,160,53,70
521,157,50,68
522,158,51,70
523,158,52,71
524,158,52,70
525,158,53,73
526,156,53,75
527,152,49,70
528,157,51,70
529,161,52,69
530,161,52,68
531,161,53,70
532,160,55,73
533,161,53,71
534,160,52,69
535,160,54,70
536,161,55,71
537,161,54,71
538,161,54,70
539,164,55,72
540,163,59,78
541,164,59,78
542,165,57,75
543,165,60,77
544,166,59,74
545,169,58,72
546,175,63,74
547,177,63,72
548,175,63,72
549,174,62,73
550,171,57,68
551,173,62,75
552,177,67,83
553,176,66,75
554,174,63,71
555,179,68,82
556,180,84,108
557,165,58,75
558,173,62,73
559,165,57,71
560,182,98,109
561,174,85,98
562,198,111,120
563,202,127,134
564,187,100,107
565,183,97,101
566,173,85,99
567,174,88,109
568,186,97,108
569,190,94,101
570,175,84,97
571,169,83,101
572,158,76,97
573,136,57,83
574,121,47,81
575,116,42,78
576,164,69,89
577,166,63,83
578,167,61,77
579,167,60,75
580,166,60,77
581,165,60,77
582,165,57,75
583,160,55,74
584,151,51,72
585,152,51,72
586,154,51,72
587,154,54,75
588,153,54,75
589,153,51,72
590,151,50,73
591,146,46,70
592,152,50,71
593,155,52,72
594,155,52,70
595,156,52,71
596,157,53,73
597,153,51,71
598,151,49,70
599,152,50,70
600,151,49,71
601,149,48,70
602,146,45,68
603,147,47,70
604,150,48,71
605,151,52,77
606,149,49,75
607,150,51,76
608,150,46,69
609,157,50,70
610,164,56,72
611,164,55,70
612,162,51,68
613,157,56,79
614,157,60,87
615,160,62,91
616,157,54,75
617,149,46,66
618,152,51,78
619,162,67,97
620,159,61,89
621,161,71,104
622,151,58,92
623,145,61,92
624,149,86,111
625,134,67,96
626,128,63,94
627,96,30,71
628,85,25,68
629,87,28,72
630,87,25,73
631,86,22,68
632,91,24,68
633,100,34,78
634,101,35,79
635,95,29,73
636,86,24,68
637,81,21,66
638,86,23,66
639,85,21,63
640,176,76,87
641,178,72,83
642,180,72,81
643,180,72,80
644,179,71,80
645,178,70,79
646,179,70,81
647,175,66,77
648,169,63,77
649,169,66,82
650,171,65,80
651,171,63,79
652,171,66,81
653,170,64,78
654,168,61,76
655,168,62,77
656,172,64,77
657,173,66,77
658,173,64,75
659,174,64,76
660,172,65,78
661,171,64,77
662,170,64,77
663,171,63,75
664,170,62,75
665,168,61,76
666,168,62,76
667,170,63,78
668,172,65,80
669,172,66,81
670,171,66,82
671,173,67,82
672,172,64,77
673,177,66,75
674,193,76,81
675,189,69,75
676,189,81,98
677,190,76,86
678,188,100,131
679,183,88,116
680,182,73,93
681,190,85,104
682,186,88,111
683,183,83,105
684,179,86,114
685,152,66,99
686,136,60,100
687,112,44,86
688,104,42,85
689,81,21,65
690,71,8,54
691,88,22,64
692,89,25,67
693,93,27,69
694,89,21,62
695,87,20,61
696,90,26,70
697,88,24,65
698,84,19,62
699,90,25,67
700,90,26,68
701,92,28,69
702,92,29,71
703,96,33,75
704,176,76,87
705,177,72,82
706,177,71,81
707,176,71,80
708,176,71,80
709,175,69,78
710,176,70,80
711,175,66,76
712,171,65,76
713,170,67,81
714,171,66,80
715,172,67,81
716,171,65,78
717,172,67,80
718,170,65,79
719,171,64,76
720,177,66,77
721,177,67,77
722,174,65,75
723,174,64,76
724,173,63,75
725,172,61,74
726,174,64,75
727,174,64,75
728,173,63,75
729,172,62,74
730,171,62,76
731,174,65,78
732,177,68,81
733,177,68,81
734,175,69,83
735,176,67,80
736,178,64,75
737,179,68,77
738,171,69,77
739,191,84,94
740,189,100,131
741,171,83,114
742,152,77,118
743,143,59,104
744,137,55,102
745,130,52,98
746,133,56,104
747,118,47,94
748,121,53,99
749,116,56,100
750,110,47,91
751,110,48,91
752,108,40,83
753,107,40,84
754,106,44,90
755,101,35,76
756,95,33,73
757,84,17,59
758,86,19,65
759,94,30,73
760,99,35,76
761,86,25,67
762,93,29,72
763,90,25,66
764,94,28,70
765,98,34,77
766,103,36,79
767,113,43,84
768,176,76,86
769,176,71,80
770,176,68,77
771,176,69,77
772,176,68,78
773,175,68,78
774,178,69,77
775,179,68,77
776,174,67,78
777,172,66,78
778,173,67,80
779,172,67,81
780,173,67,79
781,172,66,78
782,170,67,82
783,172,64,78
784,179,66,76
785,177,65,75
786,173,63,75
787,173,63,74
788,173,63,74
789,173,63,74
790,176,63,75
791,175,64,76
792,172,64,75
793,173,61,73
794,173,62,75
795,174,63,77
796,175,64,78
797,177,66,80
798,177,67,80
799,176,65,78
800,174,56,69
801,156,45,63
802,143,61,88
803,197,116,135
804,153,87,131
805,129,69,121
806,134,69,117
807,130,67,121
808,127,60,110
809,114,51,106
810,123,65,115
811,101,40,87
812,93,31,77
813,97,37,83
814,90,31,78
815,100,36,82
816,107,39,83
817,97,32,78
818,119,61,108
819,101,36,78
820,85,21,67
821,96,37,85
822,110,52,98
823,95,32,75
824,88,26,71
825,94,32,76
826,93,31,74
827,88,25,68
828,90,27,69
829,95,35,79
830,99,37,81
831,108,39,84
832,181,78,86
833,181,78,84
834,184,76,82
835,184,75,81
836,183,75,81
837,183,74,81
838,188,75,81
839,188,76,83
840,182,72,81
841,179,72,82
842,179,72,82
843,179,72,81
844,179,71,79
845,180,71,79
846,179,72,83
847,178,70,81
848,184,73,80
849,184,73,78
850,180,69,76
851,179,66,74
852,176,65,73
853,174,61,71
854,178,61,70
855,178,64,73
856,177,66,75
857,177,65,75
858,178,65,76
859,178,66,77
860,181,70,81
861,183,71,81
862,184,71,81
863,179,64,75
864,186,83,93
865,158,75,93
866,183,106,126
867,145,79,117
868,113,56,105
869,129,59,107
870,125,67,117
871,117,56,112
872,114,55,108
873,110,53,101
874,96,35,83
875,96,34,85
876,101,38,93
877,98,38,93
878,97,35,87
879,88,26,77
880,83,18,67
881,118,53,99
882,122,60,106
883,106,40,86
884,119,58,104
885,122,68,111
886,114,55,96
887,105,41,81
888,99,35,77
889,97,37,80
890,94,33,76
891,93,30,73
892,94,32,77
893,97,35,79
894,104,47,92
895,120,65,109
896,194,88,89
897,194,88,89
898,194,86,88
899,194,85,86
900,194,85,86
901,194,84,86
902,198,84,86
903,199,83,84
904,192,79,84
905,189,78,85
906,189,79,85
907,189,79,84
908,190,79,84
909,191,80,85
910,188,76,83
911,183,69,79
912,185,68,78
913,179,64,76
914,175,60,75
915,174,63,77
916,170,63,77
917,168,61,75
918,167,56,71
919,163,48,66
920,166,51,67
921,181,67,74
922,190,77,82
923,191,79,85
924,196,87,89
925,195,81,85
926,197,79,81
927,188,76,86
928,210,123,111
929,232,166,140
930,184,125,128
931,96,28,78
932,105,39,91
933,106,46,100
934,107,52,111
935,112,59,115
936,114,60,115
937,105,43,98
938,105,43,95
939,114,61,116
940,127,82,135
941,137,98,148
942,126,78,129
943,124,78,129
944,126,83,134
945,103,44,94
946,103,43,92
947,97,35,80
948,92,26,70
949,90,23,65
950,89,25,69
951,91,29,72
952,93,32,74
953,98,35,75
954,102,36,76
955,100,37,79
956,107,49,93
957,99,39,87
958,100,38,87
959,109,43,88
960,201,93,90
961,201,92,89
962,200,91,90
963,200,90,88
964,199,89,89
965,196,88,88
966,201,88,87
967,202,87,87
968,196,83,85
969,193,81,85
970,194,81,86
971,196,83,86
972,195,83,86
973,191,80,86
974,187,78,86
975,196,100,99
976,211,123,110
977,216,135,115
978,227,155,123
979,232,162,125
980,232,162,120
981,239,177,132
982,237,178,137
983,223,156,125
984,197,115,105
985,173,70,79
986,172,56,70
987,182,63,74
988,192,72,79
989,196,80,84
990,204,88,89
991,219,115,108
992,226,119,105
993,211,119,109
994,104,48,87
995,93,28,86
996,132,77,133
997,122,73,130
998,131,89,148
999,126,80,137
1000,119,67,127
1001,124,72,130
1002,112,51,103
1003,132,77,131
1004,127,78,133
1005,139,98,151
1006,135,94,146
1007,112,55,109
1008,140,93,141
1009,133,88,136
1010,115,57,105
1011,100,43,90
1012,96,34,82
1013,95,31,75
1014,94,27,69
1015,90,26,68
1016,91,31,74
1017,86,21,64
1018,89,24,66
1019,88,26,68
1020,105,46,89
1021,126,72,120
1022,124,67,117
1023,114,53,98
1024,204,99,96
1025,204,95,91
1026,205,94,89
1027,204,94,91
1028,202,93,90
1029,200,90,89
1030,204,91,88
1031,205,89,88
1032,199,87,88
1033,197,84,87
1034,199,86,89
1035,199,86,88
1036,200,86,89
1037,204,99,94
1038,215,126,108
1039,223,137,111
1040,220,128,104
1041,214,115,97
1042,222,121,99
1043,230,134,104
1044,233,140,104
1045,235,152,111
1046,243,171,120
1047,251,187,130
1048,254,196,138
1049,238,180,137
1050,206,128,116
1051,207,124,113
1052,199,100,98
1053,197,83,86
1054,188,93,90
1055,184,99,95
1056,211,118,113
1057,117,34,70
1058,109,55,114
1059,137,87,142
1060,133,80,132
1061,116,61,110
1062,125,74,122
1063,125,78,125
1064,144,103,151
1065,144,102,154
1066,115,61,117
1067,115,56,111
1068,126,71,126
1069,121,71,127
1070,139,101,155
1071,135,90,145
1072,109,52,106
1073,132,88,138
1074,124,75,122
1075,105,50,100
1076,111,51,102
1077,93,30,78
1078,87,23,69
1079,91,27,73
1080,93,32,78
1081,91,28,73
1082,87,25,66
1083,88,25,68
1084,94,32,76
1085,102,44,91
1086,117,63,109
1087,120,62,109
1088,203,101,100
1089,204,98,94
1090,206,97,92
1091,205,95,92
1092,205,94,92
1093,203,92,91
1094,204,91,91
1095,204,90,88
1096,203,89,89
1097,201,85,88
1098,201,86,88
1099,202,89,89
1100,197,87,89
1101,188,77,82
1102,179,69,81
1103,173,60,78
1104,169,57,75
1105,172,61,78
1106,182,69,81
1107,207,93,87
1108,218,106,93
1109,226,124,98
1110,222,116,89
1111,211,100,89
1112,225,136,109
1113,236,164,126
1114,249,194,142
1115,241,180,134
1116,223,145,122
1117,213,112,96
1118,150,59,74
1119,128,54,90
1120,134,54,82
1121,93,30,85
1122,114,54,105
1123,110,54,105
1124,89,24,70
1125,92,22,67
1126,93,25,68
1127,92,27,72
1128,97,37,82
1129,119,68,116
1130,151,104,148
1131,124,75,127
1132,117,66,121
1133,137,92,142
1134,136,80,131
1135,143,105,160
1136,135,98,150
1137,131,89,138
1138,108,54,109
1139,103,45,99
1140,118,61,115
1141,116,60,112
1142,99,38,87
1143,103,43,91
1144,104,45,93
1145,108,52,104
1146,89,31,79
1147,97,30,73
1148,103,44,87
1149,103,47,91
1150,106,48,93
1151,117,64,108
1152,202,97,93
1153,205,98,94
1154,207,98,94
1155,206,96,94
1156,205,93,91
1157,204,90,90
1158,206,92,92
1159,208,92,92
1160,205,87,89
1161,208,90,89
1162,208,91,89
1163,191,80,84
1164,185,76,84
1165,182,74,84
1166,183,75,85
1167,186,77,85
1168,182,73,84
1169,181,70,82
1170,180,71,84
1171,183,70,80
1172,188,74,81
1173,206,92,86
1174,206,97,89
1175,203,101,102
1176,201,101,98
1177,199,99,95
1178,204,100,96
1179,185,73,82
1180,184,69,78
1181,200,85,93
1182,201,111,128
1183,174,81,93
1184,102,38,87
1185,108,45,97
1186,98,35,88
1187,95,31,85
1188,88,24,73
1189,87,22,65
1190,82,16,62
1191,86,18,63
1192,113,39,67
1193,142,60,86
1194,122,54,90
1195,126,64,109
1196,170,97,133
1197,155,93,136
1198,153,73,117
1199,170,110,151
1200,144,109,158
1201,126,77,133
1202,138,93,146
1203,129,78,131
1204,119,67,121
1205,122,70,122
1206,115,64,116
1207,100,44,98
1208,105,53,104
1209,126,79,126
1210,135,93,143
1211,96,36,84
1212,101,42,91
1213,104,46,92
1214,105,43,85
1215,98,35,78
1216,203,100,96
1217,205,98,93
1218,207,97,93
1219,206,96,95
1220,205,94,95
1221,206,92,94
1222,209,94,95
1223,209,91,92
1224,208,93,91
1225,204,95,91
1226,192,80,82
1227,183,74,84
1228,187,80,89
1229,188,79,85
1230,190,78,85
1231,190,78,86
1232,190,80,88
1233,185,74,84
1234,188,75,85
1235,184,73,84
1236,179,69,82
1237,193,84,93
1238,191,84,93
1239,180,78,91
1240,193,88,99
1241,198,92,101
1242,185,82,98
1243,186,85,100
1244,198,91,97
1245,200,103,121
1246,171,72,95
1247,121,42,85
1248,116,57,111
1249,104,40,94
1250,119,59,117
1251,121,67,125
1252,122,65,116
1253,94,31,70
1254,116,41,74
1255,113,41,77
1256,89,27,67
1257,103,36,71
1258,116,39,77
1259,200,132,145
1260,218,126,125
1261,208,137,149
1262,176,121,132
1263,136,76,107
1264,150,100,138
1265,139,89,137
1266,157,120,165
1267,154,117,161
1268,142,95,145
1269,129,82,134
1270,142,100,149
1271,148,108,156
1272,127,88,136
1273,91,33,78
1274,140,94,143
1275,139,99,144
1276,126,73,122
1277,128,78,128
1278,111,51,97
1279,101,35,78
1280,207,101,98
1281,207,100,96
1282,207,98,93
1283,207,96,93
1284,208,95,94
1285,208,92,93
1286,208,91,93
1287,209,94,95
1288,197,95,98
1289,184,75,83
1290,185,77,87
1291,189,85,92
1292,188,83,90
1293,187,80,88
1294,191,82,90
1295,193,87,95
1296,197,89,94
1297,192,83,91
1298,196,85,92
1299,189,80,89
1300,202,99,104
1301,205,105,108
1302,184,86,97
1303,199,95,102
1304,201,99,104
1305,191,90,102
1306,190,91,107
1307,191,87,100
1308,196,89,102
1309,146,54,85
1310,102,38,88
1311,109,47,104
1312,126,64,120
1313,132,79,131
1314,140,93,147
1315,139,93,149
1316,116,66,112
1317,90,16,55
1318,136,50,81
1319,163,78,93
1320,116,54,94
1321,112,48,89
1322,186,124,138
1323,212,171,164
1324,198,129,124
1325,202,133,116
1326,122,61,86
1327,85,27,70
1328,127,82,119
1329,162,113,142
1330,129,75,112
1331,141,95,137
1332,157,119,157
1333,156,121,159
1334,151,106,146
1335,139,89,134
1336,122,73,123
1337,106,49,95
1338,127,65,109
1339,136,85,129
1340,118,65,105
1341,123,69,112
1342,119,64,112
1343,110,50,98
1344,210,101,99
1345,210,100,95
1346,210,99,95
1347,209,97,94
1348,207,95,94
1349,206,94,93
1350,208,91,91
1351,205,105,109
1352,190,99,106
1353,187,82,90
1354,190,87,94
1355,187,86,93
1356,184,83,92
1357,190,88,95
1358,198,93,99
1359,199,95,99
1360,193,88,98
1361,199,89,96
1362,192,83,94
1363,202,100,106
1364,207,106,107
1365,189,93,102
1366,203,102,106
1367,202,102,108
1368,189,87,99
1369,191,92,110
1370,193,93,112
1371,203,95,104
1372,134,47,82
1373,99,32,83
1374,101,45,97
1375,111,52,103
1376,97,38,86
1377,92,29,73
1378,113,55,102
1379,116,64,110
1380,141,75,102
1381,159,78,100
1382,181,104,116
1383,128,53,77
1384,88,17,60
1385,181,118,132
1386,201,142,135
1387,175,91,96
1388,162,93,99
1389,93,32,72
1390,81,17,64
1391,90,26,69
1392,80,21,68
1393,109,54,95
1394,131,76,114
1395,150,97,127
1396,120,61,100
1397,120,63,109
1398,159,118,157
1399,110,52,88
1400,138,92,137
1401,131,80,120
1402,95,28,65
1403,94,27,66
1404,85,19,59
1405,80,18,59
1406,90,28,70
1407,126,63,102
1408,208,101,97
1409,209,99,95
1410,209,99,95
1411,210,96,92
1412,208,95,96
1413,207,95,97
1414,211,94,93
1415,198,97,105
1416,185,92,103
1417,190,93,99
1418,191,90,95
1419,184,85,94
1420,188,91,99
1421,198,100,105
1422,203,105,108
1423,194,94,100
1424,199,98,102
1425,189,85,94
1426,203,107,112
1427,210,115,114
1428,192,97,104
1429,207,106,109
1430,204,104,105
1431,194,93,102
1432,198,94,102
1433,190,92,114
1434,190,92,118
1435,149,57,85
1436,103,29,73
1437,92,26,75
1438,98,30,77
1439,96,32,78
1440,102,38,86
1441,92,25,70
1442,85,14,57
1443,87,15,57
1444,105,33,70
1445,145,75,92
1446,142,64,82
1447,71,9,55
1448,115,48,79
1449,184,104,109
1450,161,85,94
1451,122,63,87
1452,87,26,68
1453,95,26,67
1454,103,30,66
1455,107,32,68
1456,118,39,69
1457,112,29,64
1458,109,38,76
1459,113,58,95
1460,141,96,123
1461,137,98,130
1462,133,90,122
1463,109,44,78
1464,100,39,77
1465,104,36,71
1466,91,19,56
1467,84,17,56
1468,83,18,58
1469,85,19,57
1470,105,19,51
1471,142,39,58
1472,205,101,99
1473,207,99,97
1474,210,98,94
1475,208,96,94
1476,208,95,95
1477,208,93,93
1478,209,91,93
1479,192,104,114
1480,187,101,109
1481,192,99,105
1482,189,93,99
1483,191,93,99
1484,196,102,106
1485,203,109,111
1486,201,105,107
1487,202,101,101
1488,190,87,93
1489,200,108,110
1490,214,122,117
1491,197,103,106
1492,208,111,112
1493,206,108,109
1494,195,96,104
1495,199,100,107
1496,193,96,107
1497,196,95,111
1498,153,67,104
1499,109,34,78
1500,102,34,80
1501,105,36,84
1502,107,37,83
1503,97,32,78
1504,92,25,72
1505,103,37,80
1506,96,23,64
1507,94,22,63
1508,78,14,60
1509,67,7,54
1510,86,14,53
1511,159,88,102
1512,227,171,154
1513,169,108,113
1514,106,44,74
1515,92,17,56
1516,95,22,59
1517,97,28,65
1518,98,25,63
1519,102,28,63
1520,102,30,66
1521,103,32,68
1522,98,28,65
1523,93,26,66
1524,87,17,55
1525,93,22,58
1526,108,35,69
1527,122,57,91
1528,96,21,56
1529,92,20,56
1530,87,19,57
1531,81,14,55
1532,87,17,54
1533,106,22,54
1534,162,52,62
1535,181,64,68
1536,207,103,98
1537,207,99,96
1538,209,97,95
1539,209,99,98
1540,209,98,98
1541,209,90,90
1542,204,105,110
1543,194,120,127
1544,188,104,111
1545,193,105,111
1546,193,101,106
1547,197,106,108
1548,201,108,109
1549,202,110,112
1550,202,107,108
1551,190,86,91
1552,199,109,110
1553,216,131,123
1554,202,108,109
1555,210,119,117
1556,208,114,113
1557,197,102,110
1558,199,102,108
1559,206,104,108
1560,197,97,109
1561,147,60,96
1562,114,38,88
1563,88,20,66
1564,95,24,68
1565,105,35,81
1566,95,25,69
1567,98,31,75
1568,105,44,92
1569,90,18,59
1570,90,18,58
1571,78,16,61
1572,99,36,75
1573,147,62,81
1574,197,115,116
1575,216,150,138
1576,155,99,107
1577,85,22,64
1578,97,17,57
1579,106,26,59
1580,100,22,58
1581,97,26,65
1582,97,24,62
1583,98,27,64
1584,97,27,65
1585,99,28,66
1586,104,31,68
1587,107,34,70
1588,114,35,66
1589,119,40,69
1590,110,33,67
1591,129,59,88
1592,103,30,63
1593,89,18,56
1594,84,13,54
1595,111,28,59
1596,129,40,63
1597,139,44,63
1598,198,78,75
1599,197,76,77
1600,207,104,103
1601,206,99,97
1602,208,99,97
1603,209,94,90
1604,206,91,89
1605,209,89,88
1606,199,112,119
1607,195,123,127
1608,194,110,116
1609,195,107,112
1610,197,106,110
1611,202,110,110
1612,205,113,112
1613,206,113,114
1614,190,92,100
1615,193,109,115
1616,220,148,137
1617,204,119,119
1618,209,123,123
1619,209,122,122
1620,204,116,118
1621,205,113,116
1622,206,109,114
1623,196,98,115
1624,172,81,107
1625,120,51,99
1626,126,55,104
1627,106,38,86
1628,96,26,71
1629,95,24,71
1630,95,26,73
1631,92,19,63
1632,100,30,72
1633,85,21,66
1634,87,19,58
1635,143,62,82
1636,196,112,114
1637,231,174,160
1638,194,156,147
1639,116,53,76
1640,81,6,48
1641,100,28,65
1642,112,31,62
1643,113,31,62
1644,111,31,63
1645,109,33,66
1646,100,25,62
1647,96,23,62
1648,96,23,63
1649,94,23,63
1650,92,27,68
1651,93,27,69
1652,92,23,63
1653,96,25,64
1654,103,29,63
1655,104,29,64
1656,92,21,59
1657,101,23,57
1658,132,41,64
1659,181,70,74
1660,143,48,66
1661,166,60,72
1662,206,85,79
1663,204,85,81
1664,202,103,104
1665,204,100,99
1666,208,99,97
1667,206,92,90
1668,202,87,85
1669,204,87,88
1670,198,122,128
1671,200,135,135
1672,196,121,124
1673,194,112,117
1674,195,109,113
1675,203,113,114
1676,204,114,113
1677,193,97,104
1678,187,101,111
1679,219,158,148
1680,213,143,137
1681,213,140,135
1682,214,137,132
1683,208,123,123
1684,209,122,124
1685,211,120,121
1686,195,105,123
1687,184,92,118
1688,128,54,101
1689,99,35,87
1690,95,27,77
1691,113,45,94
1692,102,33,82
1693,100,31,80
1694,109,43,95
1695,101,40,90
1696,80,11,54
1697,120,50,86
1698,183,105,111
1699,222,151,140
1700,219,181,163
1701,148,107,114
1702,82,17,57
1703,83,10,54
1704,100,27,64
1705,102,29,68
1706,104,27,64
1707,110,28,62
1708,111,32,65
1709,110,32,65
1710,109,29,61
1711,102,26,61
1712,96,23,62
1713,96,25,64
1714,99,32,68
1715,103,34,71
1716,103,33,69
1717,96,27,66
1718,97,23,62
1719,108,26,60
1720,133,40,64
1721,165,61,72
1722,203,84,82
1723,188,75,76
1724,131,39,63
1725,202,84,85
1726,207,89,84
1727,207,90,84
1728,202,100,94
1729,204,97,93
1730,206,98,95
1731,205,95,93
1732,202,89,87
1733,200,89,89
1734,203,143,140
1735,204,148,143
1736,201,137,134
1737,200,129,127
1738,202,120,120
1739,203,117,117
1740,204,113,113
1741,192,104,110
1742,212,155,147
1743,219,157,146
1744,216,151,145
1745,218,156,148
1746,214,148,143
1747,212,138,135
1748,214,129,126
1749,199,115,126
1750,183,96,122
1751,156,79,121
1752,106,40,91
1753,107,40,89
1754,115,48,101
1755,102,38,92
1756,117,52,106
1757,107,39,90
1758,90,30,81
1759,107,37,75
1760,174,98,105
1761,207,136,130
1762,221,171,157
1763,210,170,155
1764,140,64,82
1765,111,18,55
1766,134,37,65
1767,146,48,69
1768,155,57,75
1769,161,67,85
1770,152,62,84
1771,136,51,75
1772,123,43,71
1773,116,39,69
1774,107,29,62
1775,108,31,63
1776,107,33,66
1777,102,29,65
1778,100,30,67
1779,100,29,67
1780,97,22,60
1781,111,29,63
1782,149,51,71
1783,182,70,78
1784,201,84,86
1785,212,92,88
1786,184,73,76
1787,117,30,59
1788,176,68,77
1789,213,93,89
1790,209,91,85
1791,209,92,85
1792,202,102,99
1793,203,99,96
1794,205,98,94
1795,204,95,93
1796,202,89,88
1797,197,92,91
1798,206,159,153
1799,208,159,151
1800,206,152,145
1801,207,149,140
1802,207,142,136
1803,212,140,133
1804,207,128,123
1805,208,146,141
1806,223,176,158
1807,214,157,148
1808,219,164,153
1809,216,156,149
1810,215,150,144
1811,215,143,138
1812,219,141,137
1813,185,104,125
1814,163,76,108
1815,132,59,104
1816,90,19,68
1817,98,30,78
1818,104,36,82
1819,123,62,110
1820,114,57,106
1821,95,37,87
1822,129,53,81
1823,204,125,119
1824,224,158,140
1825,221,182,167
1826,208,163,151
1827,177,67,78
1828,191,64,77
1829,204,82,88
1830,196,72,81
1831,191,69,77
1832,198,70,75
1833,202,75,82
1834,198,73,81
1835,184,63,74
1836,161,55,70
1837,134,42,67
1838,116,33,62
1839,113,35,66
1840,105,29,63
1841,105,29,64
1842,121,39,69
1843,154,59,77
1844,177,68,76
1845,191,75,78
1846,213,92,89
1847,209,92,92
1848,192,81,87
1849,155,56,74
1850,122,36,65
1851,180,73,80
1852,215,94,88
1853,209,92,87
1854,213,94,86
1855,213,94,87
1856,206,99,96
1857,204,98,93
1858,205,97,92
1859,203,94,91
1860,201,89,87
1861,194,88,88
1862,205,156,148
1863,208,164,152
1864,211,166,153
1865,212,164,151
1866,217,169,155
1867,216,159,145
1868,206,147,142
1869,223,182,167
1870,220,171,158
1871,217,163,151
1872,218,166,155
1873,217,161,153
1874,214,147,138
1875,218,150,140
1876,216,143,141
1877,183,109,132
1878,134,60,107
1879,112,40,93
1880,117,49,100
1881,110,41,88
1882,97,24,66
1883,83,14,59
1884,85,22,63
1885,166,87,104
1886,210,136,129
1887,222,169,149
1888,225,190,175
1889,212,169,156
1890,194,84,92
1891,213,91,102
1892,217,98,104
1893,216,92,98
1894,217,92,97
1895,216,91,95
1896,216,87,90
1897,215,87,90
1898,217,88,90
1899,217,89,87
1900,205,79,81
1901,183,64,72
1902,138,37,59
1903,115,31,61
1904,124,37,63
1905,114,32,63
1906,110,33,66
1907,122,37,67
1908,133,40,65
1909,142,46,68
1910,145,48,70
1911,143,49,72
1912,144,52,75
1913,164,66,80
1914,208,95,91
1915,222,101,93
1916,214,97,91
1917,214,95,90
1918,216,95,88
1919,217,95,87
1920,207,102,94
1921,207,100,95
1922,209,102,98
1923,206,98,97
1924,203,95,95
1925,197,85,86
1926,204,144,137
1927,213,174,157
1928,214,172,155
1929,216,172,157
1930,219,176,160
1931,211,160,150
1932,218,180,171
1933,222,185,170
1934,217,169,157
1935,219,175,162
1936,218,173,162
1937,214,155,148
1938,217,154,144
1939,219,151,140
1940,212,138,135
1941,189,116,131
1942,181,118,148
1943,132,74,129
1944,120,52,100
1945,105,30,79
1946,98,28,75
1947,92,26,66
1948,179,97,108
1949,217,134,126
1950,215,147,133
1951,217,167,157
1952,197,143,134
1953,173,68,80
1954,218,104,112
1955,223,121,127
1956,225,117,120
1957,224,110,112
1958,224,105,109
1959,223,100,105
1960,222,97,101
1961,221,95,99
1962,222,96,98
1963,219,91,90
1964,210,84,86
1965,200,78,83
1966,180,62,70
1967,117,24,54
1968,157,58,77
1969,188,78,87
1970,177,73,84
1971,172,70,85
1972,166,64,81
1973,175,69,81
1974,182,73,82
1975,197,84,88
1976,213,97,96
1977,224,104,98
1978,220,101,97
1979,219,102,97
1980,219,103,95
1981,218,101,94
1982,219,99,90
1983,220,99,90
1984,207,102,99
1985,206,98,94
1986,207,100,97
1987,206,99,98
1988,204,99,100
1989,200,89,92
1990,199,119,118
1991,218,186,166
1992,217,175,156
1993,219,181,163
1994,216,172,157
1995,216,175,168
1996,228,198,184
1997,219,178,167
1998,221,182,171
1999,221,181,168
2000,215,164,157
2001,215,159,151
2002,218,159,149
2003,218,152,144
2004,217,141,132
2005,194,119,127
2006,151,89,137
2007,122,59,114
2008,122,61,114
2009,116,56,110
2010,106,40,94
2011,167,86,110
2012,224,154,145
2013,219,166,152
2014,215,166,160
2015,211,155,146
2016,134,36,60
2017,126,28,62
2018,207,100,108
2019,227,129,130
2020,230,141,136
2021,229,130,126
2022,228,122,121
2023,226,114,115
2024,226,111,112
2025,224,106,108
2026,225,102,105
2027,224,101,102
2028,217,95,97
2029,211,89,93
2030,212,87,89
2031,166,54,68
2032,181,76,91
2033,210,94,96
2034,202,86,90
2035,204,90,94
2036,219,96,96
2037,222,97,95
2038,222,99,96
2039,221,100,97
2040,221,105,103
2041,220,105,102
2042,220,104,101
2043,220,104,99
2044,221,104,98
2045,220,102,95
2046,220,101,93
2047,221,99,91
2048,204,102,100
2049,205,99,95
2050,206,98,94
2051,206,98,96
2052,204,99,100
2053,203,94,97
2054,194,89,95
2055,215,175,161
2056,221,185,166
2057,222,183,166
2058,217,177,166
2059,226,197,188
2060,225,193,182
2061,221,184,174
2062,222,187,176
2063,220,181,171
2064,217,169,159
2065,219,168,156
2066,217,156,146
2067,215,148,140
2068,212,139,133
2069,213,136,134
2070,132,70,120
2071,121,62,115
2072,102,43,97
2073,108,62,117
2074,138,82,136
2075,176,122,148
2076,194,141,151
2077,197,155,160
2078,211,173,163
2079,201,98,98
2080,114,18,53
2081,129,44,76
2082,193,81,99
2083,223,123,125
2084,232,153,146
2085,234,151,142
2086,230,134,128
2087,227,121,119
2088,226,118,117
2089,225,112,114
2090,223,102,104
2091,224,107,104
2092,224,111,109
2093,217,100,104
2094,219,101,104
2095,192,79,89
2096,193,89,97
2097,207,96,100
2098,203,92,99
2099,213,99,102
2100,217,98,100
2101,218,99,98
2102,220,103,99
2103,221,104,101
2104,222,107,102
2105,223,109,103
2106,223,106,102
2107,222,105,101
2108,222,105,100
2109,222,106,99
2110,222,104,96
2111,221,101,96
2112,203,98,95
2113,203,97,94
2114,205,97,94
2115,204,95,92
2116,203,94,93
2117,204,94,96
2118,198,82,87
2119,197,118,118
2120,222,194,177
2121,219,183,165
2122,220,188,177
2123,228,200,187
2124,222,189,178
2125,225,193,182
2126,224,192,180
2127,219,180,171
2128,223,183,172
2129,218,169,158
2130,217,164,156
2131,214,149,142
2132,211,142,136
2133,212,137,138
2134,139,74,115
2135,92,35,91
2136,99,48,96
2137,158,95,126
2138,191,138,151
2139,211,167,159
2140,204,163,163
2141,208,164,158
2142,191,105,109
2143,196,89,96
2144,116,31,63
2145,139,78,113
2146,200,112,125
2147,218,118,124
2148,231,154,147
2149,232,153,144
2150,231,142,133
2151,228,130,125
2152,227,125,122
2153,227,122,121
2154,225,112,112
2155,201,79,83
2156,219,98,98
2157,221,105,106
2158,219,106,110
2159,207,98,106
2160,201,98,105
2161,212,103,105
2162,215,104,106
2163,218,105,106
2164,218,105,102
2165,219,101,98
2166,220,100,96
2167,220,102,97
2168,221,103,98
2169,223,106,99
2170,223,108,101
2171,223,109,103
2172,223,109,101
2173,222,109,101
2174,222,106,100
2175,223,106,101
2176,201,98,98
2177,201,96,94
2178,204,95,93
2179,203,94,93
2180,203,94,93
2181,205,94,95
2182,203,97,101
2183,190,81,91
2184,203,150,144
2185,221,193,178
2186,223,196,186
2187,227,198,185
2188,223,192,180
2189,226,196,184
2190,222,193,184
2191,221,186,178
2192,223,186,175
2193,220,176,167
2194,218,169,159
2195,215,158,150
2196,215,147,142
2197,216,140,142
2198,117,47,90
2199,71,17,68
2200,174,106,115
2201,222,165,152
2202,219,175,160
2203,215,167,156
2204,211,164,155
2205,217,147,141
2206,203,102,112
2207,179,72,85
2208,127,49,79
2209,221,181,183
2210,219,146,149
2211,219,131,138
2212,231,152,145
2213,230,143,131
2214,230,136,127
2215,227,127,123
2216,226,127,122
2217,227,126,123
2218,225,118,116
2219,202,78,83
2220,213,78,84
2221,217,96,98
2222,222,115,118
2223,220,115,119
2224,215,112,116
2225,217,109,110
2226,217,105,107
2227,217,105,105
2228,219,107,105
2229,219,106,101
2230,219,103,98
2231,218,99,95
2232,218,101,97
2233,221,103,95
2234,222,104,96
2235,223,107,99
2236,223,111,103
2237,223,113,106
2238,223,111,104
2239,224,111,102
2240,200,98,97
2241,201,95,95
2242,203,94,94
2243,203,93,91
2244,203,92,91
2245,204,92,93
2246,205,95,99
2247,200,89,97
2248,183,84,92
2249,213,177,170
2250,230,206,193
2251,225,197,184
2252,225,197,185
2253,226,198,186
2254,223,194,184
2255,224,191,181
2256,223,188,176
2257,221,183,173
2258,215,164,154
2259,215,165,156
2260,219,153,146
2261,199,125,135
2262,89,31,82
2263,150,90,107
2264,222,163,150
2265,221,183,167
2266,210,163,153
2267,203,149,144
2268,206,142,139
2269,226,134,132
2270,215,126,129
2271,164,55,76
2272,144,46,73
2273,173,68,85
2274,220,118,124
2275,218,124,130
2276,224,125,124
2277,224,118,116
2278,220,108,106
2279,212,93,97
2280,219,103,106
2281,223,121,119
2282,220,118,117
2283,211,88,91
2284,222,78,89
2285,215,91,94
2286,225,127,127
2287,227,135,135
2288,220,125,124
2289,214,110,111
2290,215,107,108
2291,220,113,110
2292,221,114,111
2293,220,113,108
2294,220,109,104
2295,219,106,99
2296,220,103,96
2297,219,102,95
2298,219,101,93
2299,221,103,95
2300,222,108,101
2301,222,112,104
2302,223,113,106
2303,223,111,103
2304,202,97,98
2305,202,96,95
2306,203,96,95
2307,204,93,91
2308,203,91,92
2309,204,92,91
2310,204,91,92
2311,202,92,97
2312,186,73,82
2313,178,104,113
2314,240,226,208
2315,231,206,193
2316,225,199,188
2317,226,199,186
2318,222,194,184
2319,223,194,182
2320,221,187,176
2321,214,169,159
2322,215,173,164
2323,215,172,164
2324,216,155,149
2325,198,125,134
2326,168,106,125
2327,213,155,144
2328,218,173,158
2329,210,168,158
2330,208,161,152
2331,207,158,150
2332,222,136,129
2333,230,144,138
2334,234,158,149
2335,199,99,106
2336,210,88,96
2337,201,78,87
2338,206,83,94
2339,214,97,106
2340,219,106,112
2341,219,104,107
2342,214,92,98
2343,213,91,96
2344,204,80,86
2345,220,106,109
2346,223,125,121
2347,205,83,89
2348,226,102,119
2349,218,93,100
2350,228,138,133
2351,228,139,136
2352,219,128,126
2353,215,114,113
2354,221,127,120
2355,224,132,121
2356,223,125,115
2357,222,120,112
2358,220,117,110
2359,220,113,107
2360,220,111,106
2361,220,110,103
2362,219,104,96
2363,219,104,96
2364,219,106,98
2365,221,110,101
2366,223,115,106
2367,224,114,104
2368,197,95,96
2369,199,95,94
2370,202,95,95
2371,204,93,92
2372,204,93,93
2373,205,92,91
2374,205,91,92
2375,200,88,92
2376,195,85,90
2377,174,68,79
2378,178,110,117
2379,229,211,197
2380,234,214,199
2381,224,196,185
2382,223,199,188
2383,222,197,185
2384,217,183,174
2385,215,175,165
2386,215,180,171
2387,215,168,161
2388,210,147,146
2389,207,138,137
2390,222,165,153
2391,220,179,164
2392,213,169,157
2393,211,166,154
2394,207,160,150
2395,215,148,142
2396,232,157,147
2397,233,161,149
2398,234,155,143
2399,232,141,134
2400,221,108,110
2401,217,96,103
2402,215,91,101
2403,216,86,98
2404,216,84,93
2405,214,85,90
2406,211,80,87
2407,211,87,92
2408,191,65,76
2409,226,129,127
2410,233,170,158
2411,217,96,102
2412,232,124,140
2413,219,97,107
2414,228,137,133
2415,228,134,133
2416,221,137,133
2417,224,152,136
2418,225,155,137
2419,225,144,129
2420,224,137,123
2421,223,132,121
2422,223,128,119
2423,221,124,117
2424,221,120,112
2425,222,117,108
2426,220,112,103
2427,218,107,99
2428,219,105,96
2429,221,108,98
2430,222,115,105
2431,224,119,107
2432,189,91,97
2433,191,90,94
2434,193,91,95
2435,195,92,97
2436,199,90,94
2437,199,88,92
2438,199,87,91
2439,195,82,89
2440,191,80,88
2441,185,78,88
2442,161,54,71
2443,156,71,87
2444,219,194,183
2445,235,216,201
2446,222,197,187
2447,222,198,189
2448,221,194,184
2449,220,191,181
2450,216,175,167
2451,214,163,159
2452,207,147,148
2453,216,159,146
2454,223,181,164
2455,221,185,170
2456,214,170,155
2457,208,162,151
2458,209,163,157
2459,230,171,160
2460,236,179,166
2461,236,179,166
2462,236,171,156
2463,234,159,146
2464,236,156,147
2465,244,176,162
2466,240,180,171
2467,234,166,166
2468,232,155,155
2469,229,145,146
2470,225,127,132
2471,223,111,114
2472,212,94,100
2473,226,163,158
2474,237,184,169
2475,211,97,108
2476,221,111,129
2477,224,117,120
2478,211,114,117
2479,178,81,91
2480,204,140,135
2481,235,189,163
2482,228,171,147
2483,227,158,137
2484,226,150,132
2485,225,145,130
2486,224,139,126
2487,222,135,123
2488,222,130,119
2489,221,125,114
2490,221,122,110
2491,220,117,105
2492,220,112,100
2493,220,111,101
2494,221,115,105
2495,222,118,106
2496,173,77,86
2497,176,77,86
2498,183,82,90
2499,187,84,91
2500,189,83,91
2501,190,83,91
2502,190,82,90
2503,188,78,87
2504,184,76,88
2505,180,73,86
2506,176,73,86
2507,152,48,70
2508,150,76,91
2509,225,204,190
2510,241,229,212
2511,225,203,194
2512,220,194,186
2513,221,189,179
2514,216,172,165
2515,210,155,153
2516,211,155,145
2517,225,180,161
2518,224,187,171
2519,219,179,163
2520,216,173,158
2521,210,171,161
2522,224,175,167
2523,238,185,171
2524,237,186,172
2525,238,186,171
2526,235,177,162
2527,238,176,162
2528,242,187,168
2529,209,141,135
2530,215,147,148
2531,232,186,177
2532,233,193,182
2533,235,193,183
2534,238,197,188
2535,240,194,180
2536,229,157,147
2537,226,156,147
2538,224,146,140
2539,209,95,102
2540,216,110,111
2541,168,75,87
2542,113,33,65
2543,83,14,59
2544,133,86,109
2545,242,199,172
2546,230,178,151
2547,230,169,142
2548,228,163,140
2549,227,159,140
2550,226,154,137
2551,224,147,132
2552,223,141,126
2553,222,137,122
2554,222,132,118
2555,221,126,113
2556,220,121,109
2557,220,119,107
2558,222,120,107
2559,222,122,110
2560,198,94,91
2561,186,84,90
2562,173,73,88
2563,174,73,86
2564,179,75,87
2565,182,76,88
2566,181,74,87
2567,178,72,86
2568,175,68,82
2569,174,67,84
2570,166,63,84
2571,161,64,83
2572,143,41,64
2573,136,49,73
2574,185,143,145
2575,222,208,198
2576,225,206,196
2577,216,185,178
2578,212,174,168
2579,207,157,151
2580,220,172,154
2581,224,185,167
2582,220,184,169
2583,219,182,167
2584,219,180,166
2585,224,183,170
2586,233,178,170
2587,237,185,174
2588,240,191,178
2589,240,191,176
2590,237,184,167
2591,243,172,154
2592,160,76,90
2593,106,25,68
2594,195,96,116
2595,219,118,121
2596,220,131,129
2597,220,128,126
2598,220,127,125
2599,218,124,121
2600,218,117,118
2601,222,113,117
2602,214,104,113
2603,178,84,99
2604,116,40,72
2605,81,15,59
2606,84,22,66
2607,89,33,76
2608,86,35,78
2609,211,169,158
2610,244,195,164
2611,234,180,150
2612,232,177,148
2613,229,174,149
2614,228,172,149
2615,226,166,144
2616,225,159,137
2617,224,152,131
2618,223,144,127
2619,223,138,123
2620,222,133,121
2621,222,128,116
2622,222,126,113
2623,224,129,115
2624,219,129,113
2625,215,120,111
2626,203,104,104
2627,194,95,101
2628,196,92,101
2629,196,87,97
2630,194,86,94
2631,196,86,93
2632,197,83,91
2633,194,83,94
2634,191,82,94
2635,191,79,89
2636,191,81,89
2637,181,69,79
2638,161,50,68
2639,171,79,90
2640,213,177,174
2641,219,202,194
2642,204,167,164
2643,213,170,157
2644,224,187,168
2645,217,179,164
2646,217,183,171
2647,217,184,172
2648,218,185,169
2649,208,142,135
2650,239,173,160
2651,244,192,175
2652,246,204,187
2653,243,203,188
2654,247,204,183
2655,197,110,107
2656,120,32,67
2657,162,99,130
2658,191,106,123
2659,202,86,96
2660,219,103,111
2661,219,106,115
2662,220,106,114
2663,222,105,108
2664,212,97,102
2665,171,74,92
2666,118,42,76
2667,85,19,64
2668,85,18,61
2669,96,27,65
2670,102,32,68
2671,106,37,71
2672,88,19,62
2673,139,91,110
2674,252,212,182
2675,238,190,163
2676,238,189,162
2677,237,188,164
2678,234,185,164
2679,231,183,162
2680,229,178,157
2681,227,170,148
2682,226,163,142
2683,225,153,133
2684,224,145,129
2685,224,142,127
2686,224,139,124
2687,223,138,125
2688,219,133,110
2689,222,133,113
2690,223,132,115
2691,221,128,118
2692,217,120,115
2693,214,114,110
2694,214,112,106
2695,218,113,106
2696,222,115,106
2697,226,120,109
2698,226,120,107
2699,226,119,109
2700,226,120,109
2701,226,120,107
2702,228,121,108
2703,219,108,100
2704,217,114,100
2705,224,163,147
2706,215,174,165
2707,221,183,168
2708,223,188,173
2709,218,182,170
2710,220,188,177
2711,228,198,183
2712,184,137,133
2713,127,42,76
2714,177,75,91
2715,206,101,101
2716,230,136,128
2717,243,170,155
2718,239,169,152
2719,169,70,84
2720,117,30,64
2721,161,74,96
2722,152,52,72
2723,183,72,83
2724,212,90,97
2725,210,87,95
2726,197,80,89
2727,160,60,80
2728,109,32,68
2729,78,18,65
2730,79,19,64
2731,93,25,66
2732,97,22,60
2733,100,26,61
2734,101,25,60
2735,99,23,60
2736,95,25,64
2737,72,10,56
2738,177,139,141
2739,255,220,193
2740,239,195,176
2741,238,197,177
2742,238,196,178
2743,236,192,177
2744,233,189,173
2745,231,186,169
2746,229,182,164
2747,228,174,156
2748,225,164,147
2749,225,159,142
2750,224,152,136
2751,223,146,133
2752,218,124,105
2753,221,127,106
2754,225,135,113
2755,226,138,118
2756,224,133,117
2757,219,125,114
2758,214,117,110
2759,215,115,107
2760,219,117,106
2761,226,124,110
2762,227,125,109
2763,226,124,108
2764,226,124,110
2765,226,124,112
2766,225,123,109
2767,227,128,111
2768,230,127,102
2769,225,116,95
2770,222,174,158
2771,224,190,175
2772,220,183,170
2773,221,188,176
2774,225,193,180
2775,222,188,173
2776,148,85,108
2777,147,84,114
2778,124,55,90
2779,99,15,57
2780,114,17,53
2781,149,44,67
2782,146,44,69
2783,151,48,69
2784,121,32,62
2785,91,8,48
2786,115,24,58
2787,136,37,64
2788,137,41,69
2789,123,33,65
2790,100,23,64
2791,83,17,62
2792,89,22,66
2793,103,33,71
2794,112,37,71
2795,115,38,69
2796,118,36,66
2797,120,36,66
2798,125,42,71
2799,131,49,75
2800,131,53,79
2801,127,48,75
2802,105,34,68
2803,186,143,143
2804,253,222,198
2805,248,215,196
2806,239,202,187
2807,237,197,182
2808,237,196,181
2809,237,197,182
2810,234,194,179
2811,231,190,175
2812,228,182,168
2813,226,175,158
2814,225,168,150
2815,225,164,147
2816,220,129,113
2817,222,129,108
2818,227,136,111
2819,225,135,113
2820,223,133,115
2821,221,130,115
2822,219,124,114
2823,217,118,112
2824,215,114,108
2825,217,113,106
2826,225,118,108
2827,227,121,112
2828,227,123,113
2829,227,122,113
2830,227,122,112
2831,228,126,112
2832,222,112,95
2833,217,148,137
2834,225,195,178
2835,224,190,176
2836,220,185,173
2837,223,192,181
2838,231,203,187
2839,198,146,142
2840,164,96,121
2841,166,104,129
2842,158,96,125
2843,141,74,107
2844,109,40,81
2845,87,20,67
2846,79,7,57
2847,85,9,55
2848,89,11,55
2849,90,15,58
2850,92,20,62
2851,95,16,57
2852,100,21,60
2853,102,23,61
2854,113,33,65
2855,121,38,66
2856,126,40,66
2857,133,49,71
2858,136,48,70
2859,134,48,70
2860,136,48,71
2861,140,52,73
2862,144,57,76
2863,145,61,79
2864,143,64,84
2865,139,60,82
2866,125,46,73
2867,100,20,56
2868,144,84,101
2869,211,170,160
2870,243,209,189
2871,249,216,196
2872,243,210,194
2873,239,203,189
2874,237,199,186
2875,234,195,183
2876,233,194,181
2877,230,188,175
2878,228,183,168
2879,227,180,164
2880,221,128,107
2881,223,129,105
2882,227,135,109
2883,225,135,109
2884,223,133,109
2885,222,130,108
2886,221,127,110
2887,219,124,113
2888,216,115,109
2889,204,96,97
2890,180,71,81
2891,172,71,85
2892,181,75,84
2893,184,76,85
2894,184,79,89
2895,173,68,77
2896,163,76,90
2897,219,184,170
2898,226,192,178
2899,221,189,178
2900,222,191,179
2901,225,196,186
2902,222,187,173
2903,160,70,82
2904,209,119,113
2905,226,144,133
2906,204,126,128
2907,185,111,125
2908,183,116,131
2909,180,108,123
2910,170,100,119
2911,159,91,113
2912,154,83,107
2913,151,79,105
2914,147,77,105
2915,143,72,102
2916,137,61,92
2917,127,49,82
2918,115,36,71
2919,102,22,61
2920,96,15,55
2921,99,16,56
2922,100,16,53
2923,104,22,55
2924,112,30,61
2925,119,33,61
2926,125,36,62
2927,131,43,66
2928,133,46,71
2929,128,41,68
2930,121,36,66
2931,114,31,65
2932,87,4,47
2933,80,4,46
2934,110,45,74
2935,162,101,109
2936,218,162,150
2937,242,201,182
2938,245,212,194
2939,247,213,195
2940,242,207,194
2941,235,199,188
2942,231,192,179
2943,230,187,176
2944,221,125,103
2945,222,127,103
2946,225,131,107
2947,225,132,106
2948,224,132,106
2949,222,128,109
2950,221,125,108
2951,221,121,106
2952,219,120,107
2953,213,107,103
2954,178,70,84
2955,118,27,62
2956,88,15,57
2957,94,16,57
2958,101,21,60
2959,75,6,51
2960,172,138,143
2961,229,200,184
2962,222,192,180
2963,222,189,178
2964,222,193,182
2965,234,214,199
2966,200,142,134
2967,154,58,75
2968,231,147,125
2969,225,153,125
2970,114,34,64
2971,94,17,58
2972,99,26,65
2973,108,34,71
2974,126,51,83
2975,138,64,91
2976,149,75,97
2977,158,86,108
2978,166,97,116
2979,172,104,121
2980,176,107,120
2981,186,115,124
2982,192,121,128
2983,194,123,129
2984,181,112,122
2985,160,90,107
2986,142,73,97
2987,131,60,90
2988,127,56,88
2989,129,57,88
2990,130,55,85
2991,136,59,87
2992,148,70,92
2993,153,74,94
2994,153,73,93
2995,158,79,93
2996,170,89,96
2997,181,98,98
2998,183,97,94
2999,183,100,95
3000,187,102,93
3001,161,76,82
3002,170,98,105
3003,200,143,136
3004,223,178,164
3005,238,203,185
3006,243,211,192
3007,243,208,192
3008,220,129,103
3009,222,128,102
3010,224,128,104
3011,224,129,107
3012,223,130,109
3013,223,127,107
3014,224,126,105
3015,219,117,100
3016,217,111,98
3017,221,116,103
3018,222,115,107
3019,204,95,98
3020,157,59,78
3021,105,19,56
3022,72,0,44
3023,142,100,118
3024,229,199,184
3025,224,197,184
3026,222,191,179
3027,225,197,185
3028,226,197,184
3029,221,179,165
3030,160,73,82
3031,188,99,105
3032,241,176,146
3033,119,53,75
3034,80,7,55
3035,98,23,61
3036,101,26,64
3037,100,29,67
3038,102,33,71
3039,103,31,68
3040,102,29,66
3041,103,30,67
3042,100,26,65
3043,96,20,59
3044,91,15,54
3045,93,20,58
3046,94,26,64
3047,105,37,71
3048,129,58,85
3049,161,84,99
3050,186,104,106
3051,203,117,111
3052,213,130,119
3053,215,135,122
3054,211,138,125
3055,208,136,127
3056,199,122,114
3057,199,121,115
3058,204,130,121
3059,204,130,118
3060,203,130,115
3061,202,132,117
3062,199,132,119
3063,198,136,122
3064,181,117,112
3065,136,52,69
3066,146,58,74
3067,151,67,79
3068,146,65,77
3069,151,80,90
3070,171,111,115
3071,202,147,149
3072,220,133,110
3073,220,130,106
3074,220,126,104
3075,221,126,107
3076,223,130,109
3077,224,129,109
3078,224,123,103
3079,220,116,99
3080,219,112,97
3081,222,113,99
3082,223,114,100
3083,224,117,106
3084,225,113,106
3085,186,68,76
3086,143,77,96
3087,221,193,180
3088,228,199,186
3089,224,195,182
3090,225,195,184
3091,221,179,167
3092,214,157,146
3093,177,95,98
3094,161,66,84
3095,226,169,150
3096,126,64,83
3097,83,7,51
3098,107,30,64
3099,107,30,65
3100,108,34,69
3101,107,35,70
3102,105,34,69
3103,101,30,66
3104,100,25,61
3105,96,23,59
3106,92,20,58
3107,88,17,55
3108,91,18,56
3109,105,29,63
3110,121,44,72
3111,144,65,82
3112,174,90,93
3113,198,110,100
3114,206,118,101
3115,208,123,104
3116,208,128,109
3117,203,130,113
3118,203,135,118
3119,191,123,113
3120,168,84,90
3121,184,107,106
3122,192,124,119
3123,191,125,118
3124,194,124,114
3125,195,125,113
3126,190,123,113
3127,189,122,114
3128,190,124,116
3129,152,73,83
3130,144,56,74
3131,165,82,89
3132,158,79,86
3133,143,68,81
3134,133,58,73
3135,132,56,77
3136,219,128,106
3137,217,124,104
3138,216,125,107
3139,219,127,107
3140,221,129,108
3141,222,126,108
3142,219,118,101
3143,218,113,98
3144,219,114,99
3145,221,113,99
3146,222,112,98
3147,221,111,100
3148,224,114,101
3149,221,110,99
3150,224,180,168
3151,230,209,194
3152,226,198,183
3153,223,192,181
3154,222,189,177
3155,209,150,142
3156,205,132,127
3157,196,118,123
3158,223,172,158
3159,129,67,85
3160,81,6,53
3161,105,29,64
3162,104,30,64
3163,104,31,67
3164,101,27,64
3165,99,26,63
3166,95,23,61
3167,92,20,60
3168,88,18,60
3169,91,22,63
3170,114,42,74
3171,136,60,85
3172,162,82,96
3173,186,104,104
3174,203,122,113
3175,213,133,118
3176,213,138,120
3177,209,136,119
3178,205,135,121
3179,203,135,121
3180,202,136,120
3181,200,137,121
3182,200,139,125
3183,195,131,122
3184,175,95,99
3185,180,99,101
3186,189,120,118
3187,190,122,117
3188,191,122,115
3189,192,122,114
3190,188,120,113
3191,185,119,112
3192,191,128,120
3193,164,92,96
3194,125,40,65
3195,145,62,79
3196,153,74,86
3197,158,85,95
3198,156,88,97
3199,148,77,86
3200,238,184,135
3201,229,160,121
3202,216,125,104
3203,213,117,103
3204,218,125,110
3205,218,122,106
3206,214,114,100
3207,215,110,98
3208,217,111,98
3209,218,110,98
3210,220,111,100
3211,221,111,101
3212,220,108,99
3213,216,102,92
3214,231,191,178
3215,242,224,207
3216,229,200,188
3217,236,212,199
3218,242,220,203
3219,236,200,181
3220,213,161,152
3221,186,143,141
3222,116,61,85
3223,86,11,56
3224,103,30,66
3225,98,26,63
3226,95,21,58
3227,94,19,56
3228,92,18,56
3229,88,17,58
3230,95,25,68
3231,116,44,81
3232,139,65,92
3233,170,93,106
3234,188,112,115
3235,198,122,119
3236,205,130,121
3237,209,140,126
3238,209,139,121
3239,205,136,121
3240,203,134,121
3241,202,133,121
3242,201,131,120
3243,201,130,119
3244,201,133,120
3245,201,134,122
3246,196,133,125
3247,193,133,127
3248,175,102,107
3249,170,88,97
3250,185,115,117
3251,188,120,120
3252,188,119,118
3253,185,116,114
3254,185,118,112
3255,184,118,113
3256,186,125,119
3257,171,107,108
3258,104,30,61
3259,112,37,66
3260,142,67,84
3261,158,86,97
3262,174,95,98
3263,180,95,94
3264,255,222,163
3265,254,219,159
3266,243,190,139
3267,224,144,112
3268,213,115,100
3269,213,111,98
3270,214,113,98
3271,215,110,95
3272,216,110,97
3273,218,113,101
3274,221,112,101
3275,219,110,100
3276,226,116,107
3277,234,116,102
3278,199,132,130
3279,218,202,191
3280,232,209,192
3281,217,190,179
3282,193,160,156
3283,148,99,112
3284,101,41,76
3285,75,7,53
3286,83,10,54
3287,96,23,63
3288,95,21,59
3289,94,20,58
3290,92,17,58
3291,92,19,62
3292,106,36,74
3293,139,67,94
3294,171,96,111
3295,187,110,117
3296,201,124,120
3297,207,132,122
3298,205,134,122
3299,206,135,122
3300,206,136,123
3301,206,136,121
3302,207,133,118
3303,202,129,117
3304,200,128,119
3305,200,128,119
3306,198,127,119
3307,196,127,120
3308,198,131,120
3309,200,134,121
3310,196,133,124
3311,193,134,127
3312,179,112,114
3313,160,78,89
3314,177,103,108
3315,183,116,118
3316,184,117,117
3317,180,113,113
3318,176,112,113
3319,174,112,113
3320,177,116,114
3321,188,123,117
3322,116,44,70
3323,83,9,54
3324,140,53,76
3325,176,84,89
3326,189,88,86
3327,202,95,87
3328,201,129,111
3329,227,169,128
3330,254,219,160
3331,253,217,158
3332,238,178,126
3333,221,132,103
3334,212,108,94
3335,214,109,95
3336,218,115,100
3337,219,114,101
3338,219,112,101
3339,233,121,107
3340,227,114,102
3341,151,57,75
3342,81,10,56
3343,84,26,70
3344,97,37,76
3345,87,26,68
3346,78,10,57
3347,80,7,53
3348,89,20,62
3349,96,26,66
3350,97,24,61
3351,96,25,63
3352,90,19,61
3353,100,28,70
3354,126,54,88
3355,158,85,103
3356,187,110,114
3357,200,123,119
3358,201,126,119
3359,206,133,121
3360,209,137,121
3361,209,137,122
3362,206,134,121
3363,204,130,121
3364,203,130,122
3365,202,131,122
3366,203,132,120
3367,201,129,118
3368,199,129,121
3369,196,127,120
3370,196,127,120
3371,194,127,121
3372,193,128,119
3373,194,131,122
3374,192,132,123
3375,190,131,124
3376,184,121,121
3377,157,78,89
3378,163,87,98
3379,173,110,116
3380,175,112,115
3381,170,102,106
3382,170,95,99
3383,177,99,98
3384,192,113,105
3385,207,130,108
3386,203,134,106
3387,212,147,111
3388,216,144,116
3389,184,87,87
3390,181,76,82
3391,202,94,87
3392,167,71,86
3393,169,75,85
3394,198,120,104
3395,240,193,141
3396,255,228,166
3397,249,213,161
3398,235,169,128
3399,217,119,97
3400,211,106,95
3401,220,118,105
3402,235,126,109
3403,192,90,91
3404,106,25,61
3405,78,9,56
3406,96,26,66
3407,96,22,63
3408,93,21,63
3409,95,24,65
3410,97,27,66
3411,96,26,64
3412,95,24,62
3413,95,26,66
3414,88,16,60
3415,100,33,76
3416,142,68,98
3417,171,93,110
3418,181,106,114
3419,192,118,118
3420,203,133,124
3421,208,143,127
3422,211,143,126
3423,212,139,123
3424,209,134,121
3425,206,131,119
3426,202,129,119
3427,202,129,121
3428,201,130,123
3429,199,127,120
3430,198,128,121
3431,198,129,120
3432,196,127,120
3433,196,125,119
3434,193,124,119
3435,193,125,120
3436,192,125,119
3437,189,126,120
3438,186,126,122
3439,182,124,122
3440,181,123,123
3441,156,85,95
3442,156,78,90
3443,173,106,107
3444,177,101,102
3445,200,124,110
3446,224,163,131
3447,232,170,127
3448,211,123,94
3449,197,104,85
3450,221,151,105
3451,247,191,124
3452,226,162,115
3453,155,66,80
3454,187,82,85
3455,212,101,88
3456,188,94,94
3457,185,88,91
3458,173,73,85
3459,176,82,84
3460,214,148,123
3461,249,213,159
3462,255,229,173
3463,244,199,153
3464,233,156,124
3465,227,126,107
3466,150,60,78
3467,83,16,60
3468,86,17,61
3469,104,25,63
3470,103,27,66
3471,100,26,64
3472,96,22,59
3473,93,20,60
3474,93,20,60
3475,92,19,59
3476,92,19,64
3477,113,39,83
3478,154,78,103
3479,193,110,118
3480,211,126,124
3481,205,128,124
3482,203,136,127
3483,204,134,125
3484,204,135,125
3485,207,144,127
3486,206,140,125
3487,207,136,122
3488,208,132,119
3489,206,130,119
3490,203,132,122
3491,202,129,119
3492,200,129,121
3493,196,125,121
3494,194,125,120
3495,196,127,119
3496,195,125,117
3497,194,126,118
3498,194,125,117
3499,194,124,116
3500,192,125,118
3501,187,123,118
3502,181,122,119
3503,175,117,117
3504,166,110,115
3505,153,84,96
3506,173,82,81
3507,190,94,77
3508,210,124,95
3509,245,192,143
3510,249,210,156
3511,248,203,143
3512,234,173,125
3513,232,176,135
3514,250,206,145
3515,238,173,116
3516,142,51,65
3517,147,56,76
3518,177,75,82
3519,165,66,77
3520,187,92,94
3521,188,92,93
3522,189,90,93
3523,184,86,90
3524,174,71,84
3525,184,95,88
3526,226,168,130
3527,255,235,179
3528,247,207,154
3529,130,51,71
3530,76,8,57
3531,97,22,61
3532,106,30,66
3533,101,26,64
3534,99,27,67
3535,94,21,62
3536,96,21,61
3537,97,22,62
3538,93,19,63
3539,106,33,76
3540,162,83,110
3541,203,117,122
3542,212,126,126
3543,208,132,127
3544,210,140,127
3545,214,148,130
3546,214,150,131
3547,211,144,128
3548,199,128,124
3549,204,141,128
3550,208,143,126
3551,205,135,122
3552,208,133,120
3553,207,131,120
3554,203,132,122
3555,200,128,119
3556,196,126,119
3557,194,124,118
3558,193,123,118
3559,192,123,117
3560,188,118,116
3561,184,114,113
3562,182,110,110
3563,180,108,109
3564,178,106,108
3565,172,101,104
3566,164,100,106
3567,166,104,108
3568,178,119,116
3569,174,108,107
3570,178,99,95
3571,219,147,115
3572,237,186,137
3573,245,203,152
3574,246,207,157
3575,249,211,157
3576,251,213,152
3577,250,201,136
3578,226,149,102
3579,141,54,66
3580,114,31,63
3581,143,51,70
3582,148,63,86
3583,131,53,78
3584,187,92,97
3585,188,91,93
3586,190,90,91
3587,191,92,93
3588,192,91,90
3589,176,73,85
3590,183,82,86
3591,183,105,97
3592,113,46,70
3593,77,9,57
3594,99,25,63
3595,102,27,65
3596,95,20,61
3597,95,23,64
3598,96,25,65
3599,98,27,65
3600,89,17,57
3601,96,20,63
3602,148,68,100
3603,194,109,119
3604,212,125,125
3605,208,128,124
3606,208,135,128
3607,212,143,131
3608,213,146,130
3609,212,144,128
3610,210,143,128
3611,211,145,128
3612,201,131,124
3613,203,137,127
3614,209,147,131
3615,205,139,125
3616,206,134,121
3617,206,131,120
3618,204,131,120
3619,198,127,120
3620,194,124,120
3621,190,122,119
3622,183,113,115
3623,182,109,112
3624,192,120,115
3625,204,135,116
3626,211,143,115
3627,216,148,116
3628,224,161,126
3629,224,169,135
3630,224,177,144
3631,234,195,155
3632,245,206,155
3633,248,201,143
3634,248,203,149
3635,248,212,159
3636,248,212,160
3637,251,214,156
3638,245,196,138
3639,228,153,109
3640,216,122,91
3641,193,85,74
3642,136,35,61
3643,116,28,61
3644,134,47,71
3645,148,67,88
3646,137,62,85
3647,133,59,86
3648,194,91,91
3649,191,91,92
3650,189,92,94
3651,189,90,92
3652,190,92,93
3653,201,100,99
3654,149,58,76
3655,75,4,56
3656,79,11,59
3657,99,26,63
3658,98,24,63
3659,93,22,62
3660,97,22,62
3661,98,25,65
3662,96,24,63
3663,90,18,63
3664,113,40,80
3665,177,95,113
3666,212,124,126
3667,210,128,127
3668,208,134,127
3669,212,138,127
3670,212,139,127
3671,211,139,129
3672,211,142,129
3673,212,143,129
3674,212,143,128
3675,211,143,127
3676,203,134,124
3677,197,130,124
3678,205,139,126
3679,205,137,122
3680,205,134,119
3681,205,130,119
3682,201,127,118
3683,196,123,117
3684,185,115,116
3685,178,108,113
3686,196,129,116
3687,223,164,126
3688,238,181,126
3689,242,186,125
3690,244,192,132
3691,245,202,150
3692,246,211,160
3693,247,216,167
3694,248,218,168
3695,247,213,163
3696,244,203,151
3697,242,196,146
3698,246,206,156
3699,251,209,153
3700,239,188,134
3701,213,137,101
3702,193,91,79
3703,188,75,78
3704,177,65,76
3705,155,53,72
3706,136,43,67
3707,139,49,72
3708,157,75,92
3709,140,63,80
3710,124,44,68
3711,138,58,81
3712,194,94,96
3713,193,92,92
3714,192,93,95
3715,191,95,97
3716,206,103,99
3717,154,61,78
3718,80,12,57
3719,92,23,64
3720,101,28,66
3721,98,22,60
3722,93,20,60
3723,96,24,63
3724,96,26,65
3725,90,19,61
3726,92,22,66
3727,153,78,103
3728,207,125,129
3729,212,130,128
3730,208,131,125
3731,213,139,128
3732,212,139,128
3733,210,134,124
3734,210,136,126
3735,209,139,128
3736,209,140,129
3737,210,142,128
3738,210,142,129
3739,212,144,128
3740,207,137,126
3741,191,126,123
3742,197,133,124
3743,202,135,122
3744,202,133,121
3745,200,129,120
3746,195,123,117
3747,183,114,115
3748,185,119,117
3749,217,157,125
3750,238,186,128
3751,242,188,126
3752,240,187,130
3753,240,194,142
3754,240,200,152
3755,240,203,158
3756,240,203,158
3757,241,207,163
3758,241,206,161
3759,242,204,155
3760,242,201,153
3761,247,205,155
3762,234,179,134
3763,187,112,96
3764,161,67,76
3765,155,51,70
3766,163,57,72
3767,171,68,76
3768,165,64,77
3769,152,54,71
3770,150,59,79
3771,156,74,92
3772,133,55,78
3773,117,37,64
3774,145,66,86
3775,170,93,106
3776,191,93,96
3777,193,92,92
3778,198,95,94
3779,214,106,102
3780,153,59,78
3781,80,11,57
3782,92,22,63
3783,100,27,65
3784,98,25,64
3785,94,23,64
3786,95,24,63
3787,92,23,63
3788,91,25,68
3789,110,42,84
3790,179,102,116
3791,209,128,127
3792,206,129,124
3793,211,137,126
3794,214,139,127
3795,213,138,127
3796,211,135,126
3797,209,134,124
3798,208,134,127
3799,207,136,130
3800,207,137,129
3801,208,138,129
3802,208,141,130
3803,210,141,129
3804,208,141,129
3805,193,127,125
3806,191,128,124
3807,201,137,127
3808,199,133,126
3809,195,127,123
3810,184,115,118
3811,187,122,121
3812,226,174,133
3813,241,188,129
3814,237,181,125
3815,237,186,134
3816,239,197,150
3817,239,200,156
3818,240,201,154
3819,240,201,155
3820,239,205,163
3821,241,209,170
3822,242,207,164
3823,242,207,163
3824,246,202,150
3825,230,170,130
3826,132,50,69
3827,125,35,67
3828,153,58,79
3829,172,72,82
3830,181,78,82
3831,172,69,77
3832,150,53,72
3833,151,60,79
3834,155,71,88
3835,134,52,76
3836,129,48,74
3837,151,75,96
3838,169,101,115
3839,164,99,113
3840,195,97,97
3841,196,93,94
3842,212,104,98
3843,157,63,81
3844,81,12,61
3845,95,27,68
3846,101,31,69
3847,95,23,63
3848,92,21,62
3849,93,24,65
3850,93,27,69
3851,102,39,82
3852,132,63,98
3853,192,115,121
3854,203,124,123
3855,205,130,124
3856,214,138,125
3857,212,136,123
3858,211,135,126
3859,211,136,126
3860,209,137,126
3861,209,134,124
3862,207,133,124
3863,206,134,127
3864,205,135,127
3865,207,138,128
3866,208,139,129
3867,208,138,129
3868,208,138,129
3869,198,127,123
3870,189,123,125
3871,199,135,132
3872,197,132,128
3873,187,121,122
3874,182,115,119
3875,223,169,134
3876,239,191,135
3877,234,181,127
3878,236,189,138
3879,238,200,155
3880,236,199,158
3881,237,199,155
3882,238,200,155
3883,238,203,161
3884,239,207,168
3885,239,205,161
3886,240,204,160
3887,243,203,154
3888,231,168,131
3889,134,52,72
3890,122,36,65
3891,161,67,81
3892,172,76,86
3893,176,78,85
3894,167,68,80
3895,158,61,76
3896,161,69,85
3897,156,70,87
3898,143,59,81
3899,145,65,88
3900,160,86,105
3901,161,95,112
3902,140,71,93
3903,109,38,67
3904,184,84,88
3905,203,99,96
3906,156,64,80
3907,80,16,61
3908,94,24,64
3909,101,30,68
3910,95,26,64
3911,93,24,64
3912,92,22,62
3913,98,29,67
3914,102,36,76
3915,144,72,101
3916,199,122,123
3917,198,121,119
3918,206,136,125
3919,213,142,126
3920,211,135,122
3921,210,134,122
3922,210,134,123
3923,210,135,125
3924,209,135,123
3925,208,134,121
3926,206,132,123
3927,206,133,123
3928,205,134,126
3929,205,136,127
3930,206,137,127
3931,208,138,127
3932,207,136,124
3933,201,129,123
3934,188,121,122
3935,191,128,127
3936,191,126,125
3937,175,109,118
3938,200,140,124
3939,235,184,132
3940,233,180,129
3941,235,188,139
3942,237,201,157
3943,236,199,154
3944,236,202,162
3945,237,203,162
3946,236,204,166
3947,236,207,172
3948,238,206,166
3949,238,200,153
3950,240,204,159
3951,244,191,141
3952,134,55,71
3953,99,20,59
3954,148,58,76
3955,169,74,84
3956,165,69,81
3957,155,61,77
3958,160,69,85
3959,160,74,90
3960,150,66,85
3961,148,68,89
3962,153,76,96
3963,152,79,101
3964,141,69,92
3965,126,54,79
3966,104,32,62
3967,90,18,54
3968,209,111,107
3969,163,70,83
3970,86,19,62
3971,91,21,61
3972,100,23,60
3973,95,21,61
3974,92,18,58
3975,92,20,59
3976,96,24,61
3977,91,24,63
3978,137,65,88
3979,204,124,119
3980,203,127,120
3981,210,143,126
3982,212,140,125
3983,209,137,124
3984,210,135,122
3985,209,132,122
3986,208,132,122
3987,210,136,124
3988,209,136,123
3989,207,134,124
3990,206,132,122
3991,205,132,124
3992,204,133,125
3993,203,133,126
3994,204,134,125
3995,206,135,124
3996,206,132,123
3997,206,131,122
3998,192,121,121
3999,183,120,124
4000,183,120,124
4001,176,113,120
4002,220,165,132
4003,232,180,131
4004,231,179,133
4005,235,194,152
4006,236,199,159
4007,234,200,163
4008,235,202,165
4009,236,203,166
4010,236,205,171
4011,237,207,174
4012,238,203,160
4013,236,198,153
4014,248,209,162
4015,204,137,111
4016,89,14,54
4017,137,49,71
4018,154,62,77
4019,160,67,81
4020,159,65,82
4021,162,74,89
4022,154,74,92
4023,146,65,88
4024,146,67,89
4025,142,66,87
4026,126,51,76
4027,121,45,72
4028,116,41,69
4029,106,31,62
4030,105,31,61
4031,129,49,74
4032,230,138,116
4033,112,39,72
4034,86,18,60
4035,101,27,63
4036,99,27,63
4037,92,19,60
4038,92,18,59
4039,99,23,58
4040,83,13,52
4041,121,51,77
4042,229,143,124
4043,201,120,113
4044,211,142,124
4045,213,146,127
4046,210,137,122
4047,211,136,121
4048,210,135,122
4049,208,130,121
4050,208,133,122
4051,211,134,122
4052,209,135,123
4053,207,132,121
4054,207,131,119
4055,205,130,123
4056,203,129,123
4057,203,130,124
4058,203,130,124
4059,204,128,123
4060,205,126,121
4061,209,127,118
4062,196,121,118
4063,177,111,120
4064,174,111,121
4065,188,130,127
4066,230,176,136
4067,230,177,131
4068,232,186,145
4069,233,195,159
4070,234,194,156
4071,235,200,166
4072,234,200,165
4073,236,203,173
4074,236,205,174
4075,238,207,172
4076,239,201,156
4077,236,198,155
4078,252,208,158
4079,161,89,87
4080,106,24,60
4081,152,61,77
4082,147,53,74
4083,157,65,82
4084,161,77,96
4085,151,76,98
4086,137,61,85
4087,140,64,89
4088,140,65,87
4089,111,33,62
4090,101,20,54
4091,108,33,64
4092,112,39,71
4093,97,25,61
4094,129,41,65
4095,182,73,82
